<?xml version='1.0' encoding='utf-8' standalone='yes' ?>
<map>
    <boolean name="bd" value="false" />
    <long name="vddggppll" value="1690295513636" />
    <string name="lvn">6.4.9-beta</string>
    <int name="팁10889318" value="2" />
    <int name="팁17401847" value="2" />
    <int name="ent" value="1" />
    <boolean name="PREF_HAS_COMPLETED_INITIAL_TODO" value="true" />
    <boolean name="USER_HAS_ACCEPTED_PROMINENT_DISCLAIMER" value="true" />
    <int name="runlogLastCount" value="0" />
    <boolean name="USER_HAS_CHOSE_TASKY_OR_TASKER_TEST" value="true" />
    <int name="searchLastCount" value="0" />
    <boolean name="중요 정보: 태스커를 배터리 최적화에서 비활성화하지 않으면 올바르게 작동하지 않는 것은 매우 중요합니다.&#10;&#10;제조업체(화웨이, 삼성, 원플러스 등)마다 태스커를 멈추게 할 수도 있는 배터리 최적화를 하는 각자의 비표준 방법을 가지고 있습니다. &#10;&#10;이 기기에서 태스커에 영향을 주는 배터리 최적화를 모두 비활성화하십시오.&#10;&#10;어떻게 하는지 지금 알아보시겠습니까?" value="true" />
    <boolean name="중요 정보: 태스커를 배터리 최적화에서 비활성화하지 않으면 올바르게 작동하지 않는 것은 매우 중요합니다.&#10;&#10; 제조업체(화웨이, 삼성, 원플러스 등)마다 태스커를 멈추게 할 수도 있는 배터리 최적화를 하는 각자의 비표준 방법을 가지고 있습니다. &#10;&#10;이 기기에서 태스커에 영향을 주는 배터리 최적화를 모두 비활성화하십시오.&#10;&#10;어떻게 하는지 지금 알아보시겠습니까?" value="true" />
    <int name="spt" value="0" />
    <boolean name="dscl" value="true" />
    <boolean name="sad" value="false" />
    <long name="idt" value="1690234787383" />
    <int name="lvc" value="5405" />
    <int name="runlogLast" value="-1" />
    <int name="slTab" value="0" />
    <long name="lvd" value="1737718351396" />
    <int name="searchLast" value="-1" />
    <boolean name="ipnu" value="true" />
</map>
