<?xml version='1.0' encoding='utf-8' standalone='yes' ?>
<map>
    <boolean name="TaskyTutorialSteproutineisactive" value="true" />
    <boolean name="TaskyTutorialStepimportableonline" value="true" />
    <boolean name="TaskyTutorialSteptagsearch" value="true" />
    <boolean name="TaskyTutorialStepimportmoreroutinesbutton" value="true" />
    <boolean name="userStoppedProceeding" value="false" />
    <boolean name="userCheckedAdditionalBatteryOptimizations" value="true" />
    <boolean name="TaskyTutorialStepimportablelocal" value="true" />
    <boolean name="TaskyTutorialStepimportableonlinedev" value="true" />
    <boolean name="TaskyTutorialStepimportablelocalroutinetaskcanberanplaces" value="true" />
    <int name="lastAutoIdNotificationAction" value="1" />
</map>
