<?xml version='1.0' encoding='utf-8' standalone='yes' ?>
<map>
    <boolean name="leEnle" value="false" />
    <long name="sows" value="60" />
    <int name="oss" value="0" />
    <int name="pTs" value="17" />
    <boolean name="lEnable" value="false" />
    <boolean name="mFn" value="true" />
    <boolean name="pen" value="true" />
    <int name="apl" value="4" />
    <boolean name="apn" value="false" />
    <boolean name="PREF_IS_USING_TEST_SERVER" value="false" />
    <int name="magnetWhenOff" value="2" />
    <int name="humidityWhenOff" value="2" />
    <long name="lperiod" value="1500" />
    <boolean name="bkcuva" value="false" />
    <boolean name="aExt" value="false" />
    <long name="btpiod" value="120" />
    <boolean name="hardwareAccel" value="true" />
    <boolean name="workForLoc" value="false" />
    <string name="adbwp">5555</string>
    <long name="wfpiod" value="120" />
    <long name="gupt" value="90" />
    <int name="listMarginWidthPercent" value="20" />
    <int name="lightWhenOff" value="1" />
    <long name="lfdd" value="600" />
    <int name="csnipD" value="2" />
    <boolean name="saena" value="true" />
    <int name="mqt" value="10" />
    <boolean name="shTDnoAPr" value="false" />
    <int name="accelWhenOff" value="1" />
    <boolean name="nfcda" value="true" />
    <int name="stepsWhenOff" value="2" />
    <boolean name="tEnable" value="true" />
    <int name="accentIndex" value="-1" />
    <boolean name="asactions" value="true" />
    <long name="bttp" value="15" />
    <boolean name="newCellApi" value="false" />
    <string name="kcph">PBEWithMD5And128BitAES-CBC-OpenSSL</string>
    <float name="accMR" value="3.5" />
    <int name="lph" value="0" />
    <boolean name="PREF_ADVANCED_EXPORT_DESCRIPTION" value="false" />
    <boolean name="saveMemory" value="true" />
    <int name="uiori" value="0" />
    <boolean name="tpEn" value="false" />
    <boolean name="lockIconColour" value="true" />
    <boolean name="sExps" value="true" />
    <boolean name="IS_USING_TASKY" value="false" />
    <long name="guped" value="120" />
    <int name="pressureWhenOff" value="1" />
    <string name="custntaskthree"></string>
    <boolean name="lae" value="false" />
    <boolean name="adbLogcat" value="false" />
    <string name="custntasktwo"></string>
    <boolean name="shInAPr" value="true" />
    <int name="appcheckMethod" value="1" />
    <int name="proxWhenOff" value="1" />
    <long name="acrmd" value="1200" />
    <boolean name="mSi" value="true" />
    <boolean name="sHapt" value="false" />
    <boolean name="PREF_EXPORT_LIGHT" value="false" />
    <int name="themeMaterial" value="9" />
    <string name="lcD"></string>
    <long name="acMSr" value="300" />
    <boolean name="wakeForLoc" value="false" />
    <boolean name="dsd" value="false" />
    <boolean name="PREF_ALLOW_INSECURE_TASK_RUN_REQUESTS" value="false" />
    <string name="custntaskone"></string>
    <boolean name="PREF_ASK_FOR_PERMISSIONS_ON_APP_EXIT" value="true" />
    <string name="ast1"></string>
    <int name="dragModeNew" value="4" />
    <string name="ast0"></string>
    <boolean name="lPEna" value="true" />
    <boolean name="notactions" value="false" />
    <boolean name="sigmotion" value="false" />
    <long name="luped" value="30" />
    <boolean name="cmdTmnuw" value="false" />
    <string name="gak"></string>
    <boolean name="googleDriveBackups" value="false" />
    <string name="cust_notification">cust_notification</string>
    <string name="qst2"></string>
    <boolean name="fExtCache" value="false" />
    <int name="kit" value="1001" />
    <boolean name="avo" value="false" />
    <int name="tempWhenOff" value="2" />
    <string name="lang">en</string>
    <string name="ast3"></string>
    <string name="ast2"></string>
    <boolean name="snopin" value="true" />
    <long name="wip" value="10" />
    <boolean name="anm" value="false" />
    <string name="qst1"></string>
    <boolean name="stroutdf" value="true" />
    <string name="qst0"></string>
    <int name="hideStatusBar" value="1" />
    <int name="clock_alarm" value="2" />
    <boolean name="lPdta" value="true" />
    <int name="sbl" value="0" />
    <boolean name="cape" value="false" />
    <int name="cmdTs" value="17" />
</map>
