<TaskerData sr=""dvi="1"tv="6.4.9-beta"><Task sr="task15"><stayawake>true</stayawake><id>15</id><nme>GPhotoFreeUpSpace</nme><pri>100</pri><Action sr="act0"ve="7"><se>false</se><Str sr="arg0"ve="3">am get-current-user</Str><Int sr="arg1"val="0"/><Int sr="arg2"val="1"/><Str sr="arg3"ve="3">%uId</Str><Str sr="arg4"ve="3"/><Str sr="arg5"ve="3"/><Int sr="arg6"val="1"/><Int sr="arg7"val="0"/><code>123</code><label>uid</label></Action><Action sr="act1"ve="7"><Str sr="arg0"ve="3">%aFiles</Str><code>357</code><label>file</label></Action><Action sr="act2"ve="7"><se>false</se><Int sr="arg0"val="0"/><Int sr="arg1"val="3"/><Int sr="arg2"val="0"/><Int sr="arg3"val="0"/><Int sr="arg4"val="0"/><code>30</code></Action><Action sr="act3"ve="7"><se>false</se><Str sr="arg0"ve="3">DCIM/Camera</Str><Str sr="arg1"ve="3"/><Int sr="arg2"val="0"/><Int sr="arg3"val="0"/><Int sr="arg4"val="0"/><Str sr="arg5"ve="3">%aFiles</Str><Int sr="arg6"val="1"/><code>412</code></Action><Action sr="act4"ve="7"><se>false</se><Int sr="arg0"val="0"/><Int sr="arg1"val="3"/><Int sr="arg2"val="0"/><Int sr="arg3"val="0"/><Int sr="arg4"val="0"/><code>30</code></Action><Action sr="act5"ve="7"><Str sr="arg0"ve="3">%bFiles</Str><code>357</code></Action><Action sr="act6"ve="7"><se>false</se><Str sr="arg0"ve="3">DCIM/Camera</Str><Str sr="arg1"ve="3"/><Int sr="arg2"val="0"/><Int sr="arg3"val="0"/><Int sr="arg4"val="1"/><Str sr="arg5"ve="3">%bFiles</Str><Int sr="arg6"val="1"/><code>412</code></Action><Action sr="act7"ve="7"><ConditionList sr="if"><Condition sr="c0"ve="3"><op>0</op><lhs>%aFiles(#)</lhs><rhs>0</rhs></Condition><Condition sr="c1"ve="3"><op>1</op><lhs>%aFiles(#)</lhs><rhs>%bFiles(#)</rhs></Condition><bool0>Or</bool0></ConditionList><code>37</code></Action><Action sr="act8"ve="7"><se>false</se><Int sr="arg0"val="1"/><Int sr="arg1"val="1"/><Str sr="arg2"ve="3">file</Str><code>135</code></Action><Action sr="act9"ve="7"><code>38</code></Action><Action sr="act10"ve="7"><se>false</se><App sr="arg0"><appPkg>com.google.android.apps.photos</appPkg><label>포토</label><appClass>com.google.android.apps.photos.home.HomeActivity</appClass></App><Str sr="arg1"ve="3"/><Int sr="arg2"val="0"/><Int sr="arg3"val="0"/><code>20</code><label>gphoto</label></Action><Action sr="act11"ve="7"><se>false</se><Int sr="arg0"val="0"/><Int sr="arg1"val="1"/><Int sr="arg2"val="0"/><Int sr="arg3"val="0"/><Int sr="arg4"val="0"/><code>30</code></Action><Action sr="act12"ve="7"><se>false</se><Bundle sr="arg0"><Vals sr="val"><AppPackage>com.google.android.apps.photos</AppPackage><AppPackage-type>java.lang.String</AppPackage-type><net.dinglisch.android.tasker.extras.VARIABLE_REPLACE_KEYS>AppPackage plugininstanceid plugintypeid </net.dinglisch.android.tasker.extras.VARIABLE_REPLACE_KEYS><plugintypeid>com.joaomgcd.autoinput.intent.IntentUIQuery</plugintypeid><plugintypeid-type>java.lang.String</plugintypeid-type><EnableDisableAccessibilityService-type>java.lang.String</EnableDisableAccessibilityService-type><com.twofortyfouram.locale.intent.extra.BLURB-type>java.lang.String</com.twofortyfouram.locale.intent.extra.BLURB-type><UIUpdateFields>&lt;null&gt;</UIUpdateFields><net.dinglisch.android.tasker.subbundled-type>java.lang.Boolean</net.dinglisch.android.tasker.subbundled-type><IsFirstAction-type>java.lang.Boolean</IsFirstAction-type><net.dinglisch.android.tasker.subbundled>true</net.dinglisch.android.tasker.subbundled><net.dinglisch.android.tasker.RELEVANT_VARIABLES-type>[Ljava.lang.String;</net.dinglisch.android.tasker.RELEVANT_VARIABLES-type><UIUpdateText-type>java.lang.String</UIUpdateText-type><plugininstanceid-type>java.lang.String</plugininstanceid-type><net.dinglisch.android.tasker.RELEVANT_VARIABLES>&lt;StringArray sr=""&gt;&lt;_array_net.dinglisch.android.tasker.RELEVANT_VARIABLES0&gt;%aiapp
App Name
&lt;/_array_net.dinglisch.android.tasker.RELEVANT_VARIABLES0&gt;&lt;_array_net.dinglisch.android.tasker.RELEVANT_VARIABLES1&gt;%aicoordinates()
Element Coordinates
List of coordinates in the x,y format&lt;/_array_net.dinglisch.android.tasker.RELEVANT_VARIABLES1&gt;&lt;_array_net.dinglisch.android.tasker.RELEVANT_VARIABLES2&gt;%aiid()
Element Ids
&lt;/_array_net.dinglisch.android.tasker.RELEVANT_VARIABLES2&gt;&lt;_array_net.dinglisch.android.tasker.RELEVANT_VARIABLES3&gt;%aipackage
App Package Name
&lt;/_array_net.dinglisch.android.tasker.RELEVANT_VARIABLES3&gt;&lt;_array_net.dinglisch.android.tasker.RELEVANT_VARIABLES4&gt;%aitext()
Element Texts
&lt;/_array_net.dinglisch.android.tasker.RELEVANT_VARIABLES4&gt;&lt;_array_net.dinglisch.android.tasker.RELEVANT_VARIABLES5&gt;%err
Error Code
Only available if you select &amp;lt;b&amp;gt;Continue Task After Error&amp;lt;/b&amp;gt; and the action ends in error&lt;/_array_net.dinglisch.android.tasker.RELEVANT_VARIABLES5&gt;&lt;_array_net.dinglisch.android.tasker.RELEVANT_VARIABLES6&gt;%errmsg
Error Message
Only available if you select &amp;lt;b&amp;gt;Continue Task After Error&amp;lt;/b&amp;gt; and the action ends in error&lt;/_array_net.dinglisch.android.tasker.RELEVANT_VARIABLES6&gt;&lt;/StringArray&gt;</net.dinglisch.android.tasker.RELEVANT_VARIABLES><Regex>false</Regex><OnlyVisible>false</OnlyVisible><plugininstanceid>42f04b8c-10c8-4d71-960b-ff5a47d40f7f</plugininstanceid><EnableDisableAccessibilityService>&lt;null&gt;</EnableDisableAccessibilityService><OnlyClickable>false</OnlyClickable><OnlyVisible-type>java.lang.Boolean</OnlyVisible-type><Regex-type>java.lang.Boolean</Regex-type><Password-type>java.lang.String</Password-type><UIUpdateFields-type>java.lang.String</UIUpdateFields-type><Password>&lt;null&gt;</Password><UIUpdateText>&lt;null&gt;</UIUpdateText><com.twofortyfouram.locale.intent.extra.BLURB>App Package: com.google.android.apps.photos</com.twofortyfouram.locale.intent.extra.BLURB><OnlyClickable-type>java.lang.Boolean</OnlyClickable-type><net.dinglisch.android.tasker.extras.VARIABLE_REPLACE_KEYS-type>java.lang.String</net.dinglisch.android.tasker.extras.VARIABLE_REPLACE_KEYS-type><IsFirstAction>false</IsFirstAction></Vals></Bundle><Str sr="arg1"ve="3">com.joaomgcd.autoinput</Str><Str sr="arg2"ve="3">com.joaomgcd.autoinput.activity.ActivityConfigUIQuery</Str><Int sr="arg3"val="20"/><Int sr="arg4"val="0"/><code>1040876951</code></Action><Action sr="act13"ve="7"><ConditionList sr="if"><Condition sr="c0"ve="3"><op>3</op><lhs>%aitext()</lhs><rhs>*계정으로 로그인함*</rhs></Condition><Condition sr="c1"ve="3"><op>3</op><lhs>%aitext()</lhs><rhs>*Signed in as*</rhs></Condition><bool0>And</bool0></ConditionList><code>37</code><coll>false</coll></Action><Action sr="act14"ve="7"><se>false</se><Int sr="arg0"val="0"/><Int sr="arg1"val="0"/><Int sr="arg2"val="1"/><Int sr="arg3"val="0"/><Int sr="arg4"val="0"/><code>30</code></Action><Action sr="act15"ve="7"><se>false</se><Int sr="arg0"val="1"/><Int sr="arg1"val="1"/><Str sr="arg2"ve="3">gphoto</Str><code>135</code></Action><Action sr="act16"ve="7"><code>38</code></Action><Action sr="act17"ve="7"><se>false</se><Bundle sr="arg0"><Vals sr="val"><NearbyText>&lt;null&gt;</NearbyText><net.dinglisch.android.tasker.extras.VARIABLE_REPLACE_KEYS>ActionId FieldSelectionType ActionType plugininstanceid plugintypeid </net.dinglisch.android.tasker.extras.VARIABLE_REPLACE_KEYS><plugintypeid>com.joaomgcd.autoinput.intent.IntentPerformAction</plugintypeid><ActionId>com.google.android.apps.photos:id/selected_account_disc</ActionId><plugintypeid-type>java.lang.String</plugintypeid-type><EnableDisableAccessibilityService-type>java.lang.String</EnableDisableAccessibilityService-type><com.twofortyfouram.locale.intent.extra.BLURB-type>java.lang.String</com.twofortyfouram.locale.intent.extra.BLURB-type><net.dinglisch.android.tasker.subbundled-type>java.lang.Boolean</net.dinglisch.android.tasker.subbundled-type><RepeatTimes>&lt;null&gt;</RepeatTimes><StoredAction-type>java.lang.String</StoredAction-type><IsFirstAction-type>java.lang.Boolean</IsFirstAction-type><TextToWrite-type>java.lang.String</TextToWrite-type><RepeatTimes-type>java.lang.String</RepeatTimes-type><net.dinglisch.android.tasker.subbundled>true</net.dinglisch.android.tasker.subbundled><ActionId-type>java.lang.String</ActionId-type><net.dinglisch.android.tasker.RELEVANT_VARIABLES-type>[Ljava.lang.String;</net.dinglisch.android.tasker.RELEVANT_VARIABLES-type><ActionType>16</ActionType><TextToWrite>&lt;null&gt;</TextToWrite><IsTaskerAction-type>java.lang.Boolean</IsTaskerAction-type><plugininstanceid-type>java.lang.String</plugininstanceid-type><RepeatInterval-type>java.lang.String</RepeatInterval-type><NearbyText-type>java.lang.String</NearbyText-type><net.dinglisch.android.tasker.RELEVANT_VARIABLES>&lt;StringArray sr=""&gt;&lt;_array_net.dinglisch.android.tasker.RELEVANT_VARIABLES0&gt;%err
Error Code
Only available if you select &amp;lt;b&amp;gt;Continue Task After Error&amp;lt;/b&amp;gt; and the action ends in error&lt;/_array_net.dinglisch.android.tasker.RELEVANT_VARIABLES0&gt;&lt;_array_net.dinglisch.android.tasker.RELEVANT_VARIABLES1&gt;%errmsg
Error Message
Only available if you select &amp;lt;b&amp;gt;Continue Task After Error&amp;lt;/b&amp;gt; and the action ends in error&lt;/_array_net.dinglisch.android.tasker.RELEVANT_VARIABLES1&gt;&lt;/StringArray&gt;</net.dinglisch.android.tasker.RELEVANT_VARIABLES><StoredAction>&lt;null&gt;</StoredAction><plugininstanceid>4ab779cc-1ad8-4d2d-b870-83bed6539850</plugininstanceid><EnableDisableAccessibilityService>&lt;null&gt;</EnableDisableAccessibilityService><IsTaskerAction>false</IsTaskerAction><Password-type>java.lang.String</Password-type><Password>&lt;null&gt;</Password><FieldSelectionType-type>java.lang.String</FieldSelectionType-type><FieldSelectionType>1</FieldSelectionType><com.twofortyfouram.locale.intent.extra.BLURB>Type: Id
Value: com.google.android.apps.photos:id/selected_account_disc
Action : Click</com.twofortyfouram.locale.intent.extra.BLURB><RepeatInterval>&lt;null&gt;</RepeatInterval><net.dinglisch.android.tasker.extras.VARIABLE_REPLACE_KEYS-type>java.lang.String</net.dinglisch.android.tasker.extras.VARIABLE_REPLACE_KEYS-type><IsFirstAction>false</IsFirstAction><ActionType-type>java.lang.String</ActionType-type></Vals></Bundle><Str sr="arg1"ve="3">com.joaomgcd.autoinput</Str><Str sr="arg2"ve="3">com.joaomgcd.autoinput.activity.ActivityConfigPerformAction</Str><Int sr="arg3"val="20"/><Int sr="arg4"val="0"/><code>1732635924</code><label>계정</label></Action><Action sr="act18"ve="7"><se>false</se><Int sr="arg0"val="0"/><Int sr="arg1"val="1"/><Int sr="arg2"val="0"/><Int sr="arg3"val="0"/><Int sr="arg4"val="0"/><code>30</code></Action><Action sr="act19"ve="7"><se>false</se><Bundle sr="arg0"><Vals sr="val"><AppPackage>com.google.android.apps.photos</AppPackage><AppPackage-type>java.lang.String</AppPackage-type><net.dinglisch.android.tasker.extras.VARIABLE_REPLACE_KEYS>AppPackage plugininstanceid plugintypeid </net.dinglisch.android.tasker.extras.VARIABLE_REPLACE_KEYS><plugintypeid>com.joaomgcd.autoinput.intent.IntentUIQuery</plugintypeid><plugintypeid-type>java.lang.String</plugintypeid-type><EnableDisableAccessibilityService-type>java.lang.String</EnableDisableAccessibilityService-type><com.twofortyfouram.locale.intent.extra.BLURB-type>java.lang.String</com.twofortyfouram.locale.intent.extra.BLURB-type><UIUpdateFields>&lt;null&gt;</UIUpdateFields><net.dinglisch.android.tasker.subbundled-type>java.lang.Boolean</net.dinglisch.android.tasker.subbundled-type><IsFirstAction-type>java.lang.Boolean</IsFirstAction-type><net.dinglisch.android.tasker.subbundled>true</net.dinglisch.android.tasker.subbundled><UIUpdateText-type>java.lang.String</UIUpdateText-type><plugininstanceid-type>java.lang.String</plugininstanceid-type><Regex>false</Regex><OnlyVisible>false</OnlyVisible><plugininstanceid>42f04b8c-10c8-4d71-960b-ff5a47d40f7f</plugininstanceid><EnableDisableAccessibilityService>&lt;null&gt;</EnableDisableAccessibilityService><OnlyClickable>false</OnlyClickable><OnlyVisible-type>java.lang.Boolean</OnlyVisible-type><Regex-type>java.lang.Boolean</Regex-type><Password-type>java.lang.String</Password-type><UIUpdateFields-type>java.lang.String</UIUpdateFields-type><Password>&lt;null&gt;</Password><UIUpdateText>&lt;null&gt;</UIUpdateText><com.twofortyfouram.locale.intent.extra.BLURB>App Package: com.google.android.apps.photos</com.twofortyfouram.locale.intent.extra.BLURB><OnlyClickable-type>java.lang.Boolean</OnlyClickable-type><net.dinglisch.android.tasker.extras.VARIABLE_REPLACE_KEYS-type>java.lang.String</net.dinglisch.android.tasker.extras.VARIABLE_REPLACE_KEYS-type><IsFirstAction>false</IsFirstAction></Vals></Bundle><Str sr="arg1"ve="3">com.joaomgcd.autoinput</Str><Str sr="arg2"ve="3">com.joaomgcd.autoinput.activity.ActivityConfigUIQuery</Str><Int sr="arg3"val="20"/><Int sr="arg4"val="0"/><code>1040876951</code></Action><Action sr="act20"ve="7"><se>false</se><Bundle sr="arg0"><Vals sr="val"><NearbyText></NearbyText><net.dinglisch.android.tasker.extras.VARIABLE_REPLACE_KEYS>ActionId FieldSelectionType ActionType plugininstanceid plugintypeid </net.dinglisch.android.tasker.extras.VARIABLE_REPLACE_KEYS><plugintypeid>com.joaomgcd.autoinput.intent.IntentPerformAction</plugintypeid><ActionId>이 기기의 여유 공간 확보</ActionId><plugintypeid-type>java.lang.String</plugintypeid-type><EnableDisableAccessibilityService-type>java.lang.String</EnableDisableAccessibilityService-type><com.twofortyfouram.locale.intent.extra.BLURB-type>java.lang.String</com.twofortyfouram.locale.intent.extra.BLURB-type><net.dinglisch.android.tasker.subbundled-type>java.lang.Boolean</net.dinglisch.android.tasker.subbundled-type><RepeatTimes>&lt;null&gt;</RepeatTimes><StoredAction-type>java.lang.String</StoredAction-type><IsFirstAction-type>java.lang.Boolean</IsFirstAction-type><TextToWrite-type>java.lang.String</TextToWrite-type><RepeatTimes-type>java.lang.String</RepeatTimes-type><net.dinglisch.android.tasker.subbundled>true</net.dinglisch.android.tasker.subbundled><ActionId-type>java.lang.String</ActionId-type><net.dinglisch.android.tasker.RELEVANT_VARIABLES-type>[Ljava.lang.String;</net.dinglisch.android.tasker.RELEVANT_VARIABLES-type><ActionType>16</ActionType><TextToWrite>&lt;null&gt;</TextToWrite><IsTaskerAction-type>java.lang.Boolean</IsTaskerAction-type><plugininstanceid-type>java.lang.String</plugininstanceid-type><RepeatInterval-type>java.lang.String</RepeatInterval-type><NearbyText-type>java.lang.String</NearbyText-type><net.dinglisch.android.tasker.RELEVANT_VARIABLES>&lt;StringArray sr=""&gt;&lt;_array_net.dinglisch.android.tasker.RELEVANT_VARIABLES0&gt;%err
Error Code
Only available if you select &amp;lt;b&amp;gt;Continue Task After Error&amp;lt;/b&amp;gt; and the action ends in error&lt;/_array_net.dinglisch.android.tasker.RELEVANT_VARIABLES0&gt;&lt;_array_net.dinglisch.android.tasker.RELEVANT_VARIABLES1&gt;%errmsg
Error Message
Only available if you select &amp;lt;b&amp;gt;Continue Task After Error&amp;lt;/b&amp;gt; and the action ends in error&lt;/_array_net.dinglisch.android.tasker.RELEVANT_VARIABLES1&gt;&lt;/StringArray&gt;</net.dinglisch.android.tasker.RELEVANT_VARIABLES><StoredAction>&lt;null&gt;</StoredAction><plugininstanceid>4ab779cc-1ad8-4d2d-b870-83bed6539850</plugininstanceid><EnableDisableAccessibilityService>&lt;null&gt;</EnableDisableAccessibilityService><IsTaskerAction>false</IsTaskerAction><Password-type>java.lang.String</Password-type><Password>&lt;null&gt;</Password><FieldSelectionType-type>java.lang.String</FieldSelectionType-type><FieldSelectionType>0</FieldSelectionType><com.twofortyfouram.locale.intent.extra.BLURB>Type: Text
Value: 이 기기의 여유 공간 확보
Action : Click</com.twofortyfouram.locale.intent.extra.BLURB><RepeatInterval>&lt;null&gt;</RepeatInterval><net.dinglisch.android.tasker.extras.VARIABLE_REPLACE_KEYS-type>java.lang.String</net.dinglisch.android.tasker.extras.VARIABLE_REPLACE_KEYS-type><IsFirstAction>false</IsFirstAction><ActionType-type>java.lang.String</ActionType-type></Vals></Bundle><Str sr="arg1"ve="3">com.joaomgcd.autoinput</Str><Str sr="arg2"ve="3">com.joaomgcd.autoinput.activity.ActivityConfigPerformAction</Str><Int sr="arg3"val="20"/><Int sr="arg4"val="0"/><code>1732635924</code><label>이 기기의 여유 공간 확보</label></Action><Action sr="act21"ve="7"><se>false</se><Int sr="arg0"val="0"/><Int sr="arg1"val="1"/><Int sr="arg2"val="0"/><Int sr="arg3"val="0"/><Int sr="arg4"val="0"/><code>30</code></Action><Action sr="act22"ve="7"><se>false</se><Bundle sr="arg0"><Vals sr="val"><AppPackage>com.google.android.apps.photos</AppPackage><AppPackage-type>java.lang.String</AppPackage-type><net.dinglisch.android.tasker.extras.VARIABLE_REPLACE_KEYS>AppPackage plugininstanceid plugintypeid </net.dinglisch.android.tasker.extras.VARIABLE_REPLACE_KEYS><plugintypeid>com.joaomgcd.autoinput.intent.IntentUIQuery</plugintypeid><plugintypeid-type>java.lang.String</plugintypeid-type><EnableDisableAccessibilityService-type>java.lang.String</EnableDisableAccessibilityService-type><com.twofortyfouram.locale.intent.extra.BLURB-type>java.lang.String</com.twofortyfouram.locale.intent.extra.BLURB-type><UIUpdateFields>&lt;null&gt;</UIUpdateFields><net.dinglisch.android.tasker.subbundled-type>java.lang.Boolean</net.dinglisch.android.tasker.subbundled-type><IsFirstAction-type>java.lang.Boolean</IsFirstAction-type><net.dinglisch.android.tasker.subbundled>true</net.dinglisch.android.tasker.subbundled><net.dinglisch.android.tasker.RELEVANT_VARIABLES-type>[Ljava.lang.String;</net.dinglisch.android.tasker.RELEVANT_VARIABLES-type><UIUpdateText-type>java.lang.String</UIUpdateText-type><plugininstanceid-type>java.lang.String</plugininstanceid-type><net.dinglisch.android.tasker.RELEVANT_VARIABLES>&lt;StringArray sr=""&gt;&lt;_array_net.dinglisch.android.tasker.RELEVANT_VARIABLES0&gt;%aiapp
App Name
&lt;/_array_net.dinglisch.android.tasker.RELEVANT_VARIABLES0&gt;&lt;_array_net.dinglisch.android.tasker.RELEVANT_VARIABLES1&gt;%aicoordinates()
Element Coordinates
List of coordinates in the x,y format&lt;/_array_net.dinglisch.android.tasker.RELEVANT_VARIABLES1&gt;&lt;_array_net.dinglisch.android.tasker.RELEVANT_VARIABLES2&gt;%aiid()
Element Ids
&lt;/_array_net.dinglisch.android.tasker.RELEVANT_VARIABLES2&gt;&lt;_array_net.dinglisch.android.tasker.RELEVANT_VARIABLES3&gt;%aipackage
App Package Name
&lt;/_array_net.dinglisch.android.tasker.RELEVANT_VARIABLES3&gt;&lt;_array_net.dinglisch.android.tasker.RELEVANT_VARIABLES4&gt;%aitext()
Element Texts
&lt;/_array_net.dinglisch.android.tasker.RELEVANT_VARIABLES4&gt;&lt;_array_net.dinglisch.android.tasker.RELEVANT_VARIABLES5&gt;%err
Error Code
Only available if you select &amp;lt;b&amp;gt;Continue Task After Error&amp;lt;/b&amp;gt; and the action ends in error&lt;/_array_net.dinglisch.android.tasker.RELEVANT_VARIABLES5&gt;&lt;_array_net.dinglisch.android.tasker.RELEVANT_VARIABLES6&gt;%errmsg
Error Message
Only available if you select &amp;lt;b&amp;gt;Continue Task After Error&amp;lt;/b&amp;gt; and the action ends in error&lt;/_array_net.dinglisch.android.tasker.RELEVANT_VARIABLES6&gt;&lt;/StringArray&gt;</net.dinglisch.android.tasker.RELEVANT_VARIABLES><Regex>false</Regex><OnlyVisible>false</OnlyVisible><plugininstanceid>42f04b8c-10c8-4d71-960b-ff5a47d40f7f</plugininstanceid><EnableDisableAccessibilityService>&lt;null&gt;</EnableDisableAccessibilityService><OnlyClickable>false</OnlyClickable><OnlyVisible-type>java.lang.Boolean</OnlyVisible-type><Regex-type>java.lang.Boolean</Regex-type><Password-type>java.lang.String</Password-type><UIUpdateFields-type>java.lang.String</UIUpdateFields-type><Password>&lt;null&gt;</Password><UIUpdateText></UIUpdateText><com.twofortyfouram.locale.intent.extra.BLURB>App Package: com.google.android.apps.photos</com.twofortyfouram.locale.intent.extra.BLURB><OnlyClickable-type>java.lang.Boolean</OnlyClickable-type><net.dinglisch.android.tasker.extras.VARIABLE_REPLACE_KEYS-type>java.lang.String</net.dinglisch.android.tasker.extras.VARIABLE_REPLACE_KEYS-type><IsFirstAction>false</IsFirstAction></Vals></Bundle><Str sr="arg1"ve="3">com.joaomgcd.autoinput</Str><Str sr="arg2"ve="3">com.joaomgcd.autoinput.activity.ActivityConfigUIQuery</Str><Int sr="arg3"val="20"/><Int sr="arg4"val="0"/><code>1040876951</code></Action><Action sr="act23"ve="7"><ConditionList sr="if"><Condition sr="c0"ve="3"><op>2</op><lhs>%aiid()</lhs><rhs>*free_up_button*</rhs></Condition></ConditionList><code>37</code><coll>false</coll></Action><Action sr="act24"ve="7"><se>false</se><Bundle sr="arg0"><Vals sr="val"><NearbyText>&lt;null&gt;</NearbyText><net.dinglisch.android.tasker.extras.VARIABLE_REPLACE_KEYS>ActionId FieldSelectionType ActionType plugininstanceid plugintypeid </net.dinglisch.android.tasker.extras.VARIABLE_REPLACE_KEYS><plugintypeid>com.joaomgcd.autoinput.intent.IntentPerformAction</plugintypeid><ActionId>com.google.android.apps.photos:id/free_up_button</ActionId><plugintypeid-type>java.lang.String</plugintypeid-type><EnableDisableAccessibilityService-type>java.lang.String</EnableDisableAccessibilityService-type><com.twofortyfouram.locale.intent.extra.BLURB-type>java.lang.String</com.twofortyfouram.locale.intent.extra.BLURB-type><net.dinglisch.android.tasker.subbundled-type>java.lang.Boolean</net.dinglisch.android.tasker.subbundled-type><RepeatTimes>&lt;null&gt;</RepeatTimes><StoredAction-type>java.lang.String</StoredAction-type><IsFirstAction-type>java.lang.Boolean</IsFirstAction-type><TextToWrite-type>java.lang.String</TextToWrite-type><RepeatTimes-type>java.lang.String</RepeatTimes-type><net.dinglisch.android.tasker.subbundled>true</net.dinglisch.android.tasker.subbundled><ActionId-type>java.lang.String</ActionId-type><net.dinglisch.android.tasker.RELEVANT_VARIABLES-type>[Ljava.lang.String;</net.dinglisch.android.tasker.RELEVANT_VARIABLES-type><ActionType>16</ActionType><TextToWrite>&lt;null&gt;</TextToWrite><IsTaskerAction-type>java.lang.Boolean</IsTaskerAction-type><plugininstanceid-type>java.lang.String</plugininstanceid-type><RepeatInterval-type>java.lang.String</RepeatInterval-type><NearbyText-type>java.lang.String</NearbyText-type><net.dinglisch.android.tasker.RELEVANT_VARIABLES>&lt;StringArray sr=""&gt;&lt;_array_net.dinglisch.android.tasker.RELEVANT_VARIABLES0&gt;%err
Error Code
Only available if you select &amp;lt;b&amp;gt;Continue Task After Error&amp;lt;/b&amp;gt; and the action ends in error&lt;/_array_net.dinglisch.android.tasker.RELEVANT_VARIABLES0&gt;&lt;_array_net.dinglisch.android.tasker.RELEVANT_VARIABLES1&gt;%errmsg
Error Message
Only available if you select &amp;lt;b&amp;gt;Continue Task After Error&amp;lt;/b&amp;gt; and the action ends in error&lt;/_array_net.dinglisch.android.tasker.RELEVANT_VARIABLES1&gt;&lt;/StringArray&gt;</net.dinglisch.android.tasker.RELEVANT_VARIABLES><StoredAction>&lt;null&gt;</StoredAction><plugininstanceid>4ab779cc-1ad8-4d2d-b870-83bed6539850</plugininstanceid><EnableDisableAccessibilityService>&lt;null&gt;</EnableDisableAccessibilityService><IsTaskerAction>false</IsTaskerAction><Password-type>java.lang.String</Password-type><Password>&lt;null&gt;</Password><FieldSelectionType-type>java.lang.String</FieldSelectionType-type><FieldSelectionType>1</FieldSelectionType><com.twofortyfouram.locale.intent.extra.BLURB>Type: Id
Value: com.google.android.apps.photos:id/free_up_button
Action : Click</com.twofortyfouram.locale.intent.extra.BLURB><RepeatInterval>&lt;null&gt;</RepeatInterval><net.dinglisch.android.tasker.extras.VARIABLE_REPLACE_KEYS-type>java.lang.String</net.dinglisch.android.tasker.extras.VARIABLE_REPLACE_KEYS-type><IsFirstAction>false</IsFirstAction><ActionType-type>java.lang.String</ActionType-type></Vals></Bundle><Str sr="arg1"ve="3">com.joaomgcd.autoinput</Str><Str sr="arg2"ve="3">com.joaomgcd.autoinput.activity.ActivityConfigPerformAction</Str><Int sr="arg3"val="20"/><Int sr="arg4"val="0"/><code>1732635924</code><label>여유 공간 확보</label></Action><Action sr="act25"ve="7"><se>false</se><Int sr="arg0"val="0"/><Int sr="arg1"val="3"/><Int sr="arg2"val="0"/><Int sr="arg3"val="0"/><Int sr="arg4"val="0"/><code>30</code></Action><Action sr="act26"ve="7"><se>false</se><Bundle sr="arg0"><Vals sr="val"><AppPackage>com.google.android.apps.photos</AppPackage><AppPackage-type>java.lang.String</AppPackage-type><net.dinglisch.android.tasker.extras.VARIABLE_REPLACE_KEYS>AppPackage plugininstanceid plugintypeid </net.dinglisch.android.tasker.extras.VARIABLE_REPLACE_KEYS><plugintypeid>com.joaomgcd.autoinput.intent.IntentUIQuery</plugintypeid><plugintypeid-type>java.lang.String</plugintypeid-type><EnableDisableAccessibilityService-type>java.lang.String</EnableDisableAccessibilityService-type><com.twofortyfouram.locale.intent.extra.BLURB-type>java.lang.String</com.twofortyfouram.locale.intent.extra.BLURB-type><UIUpdateFields>&lt;null&gt;</UIUpdateFields><net.dinglisch.android.tasker.subbundled-type>java.lang.Boolean</net.dinglisch.android.tasker.subbundled-type><IsFirstAction-type>java.lang.Boolean</IsFirstAction-type><net.dinglisch.android.tasker.subbundled>true</net.dinglisch.android.tasker.subbundled><net.dinglisch.android.tasker.RELEVANT_VARIABLES-type>[Ljava.lang.String;</net.dinglisch.android.tasker.RELEVANT_VARIABLES-type><UIUpdateText-type>java.lang.String</UIUpdateText-type><plugininstanceid-type>java.lang.String</plugininstanceid-type><net.dinglisch.android.tasker.RELEVANT_VARIABLES>&lt;StringArray sr=""&gt;&lt;_array_net.dinglisch.android.tasker.RELEVANT_VARIABLES0&gt;%aiapp
App Name
&lt;/_array_net.dinglisch.android.tasker.RELEVANT_VARIABLES0&gt;&lt;_array_net.dinglisch.android.tasker.RELEVANT_VARIABLES1&gt;%aicoordinates()
Element Coordinates
List of coordinates in the x,y format&lt;/_array_net.dinglisch.android.tasker.RELEVANT_VARIABLES1&gt;&lt;_array_net.dinglisch.android.tasker.RELEVANT_VARIABLES2&gt;%aiid()
Element Ids
&lt;/_array_net.dinglisch.android.tasker.RELEVANT_VARIABLES2&gt;&lt;_array_net.dinglisch.android.tasker.RELEVANT_VARIABLES3&gt;%aipackage
App Package Name
&lt;/_array_net.dinglisch.android.tasker.RELEVANT_VARIABLES3&gt;&lt;_array_net.dinglisch.android.tasker.RELEVANT_VARIABLES4&gt;%aitext()
Element Texts
&lt;/_array_net.dinglisch.android.tasker.RELEVANT_VARIABLES4&gt;&lt;_array_net.dinglisch.android.tasker.RELEVANT_VARIABLES5&gt;%err
Error Code
Only available if you select &amp;lt;b&amp;gt;Continue Task After Error&amp;lt;/b&amp;gt; and the action ends in error&lt;/_array_net.dinglisch.android.tasker.RELEVANT_VARIABLES5&gt;&lt;_array_net.dinglisch.android.tasker.RELEVANT_VARIABLES6&gt;%errmsg
Error Message
Only available if you select &amp;lt;b&amp;gt;Continue Task After Error&amp;lt;/b&amp;gt; and the action ends in error&lt;/_array_net.dinglisch.android.tasker.RELEVANT_VARIABLES6&gt;&lt;/StringArray&gt;</net.dinglisch.android.tasker.RELEVANT_VARIABLES><Regex>false</Regex><OnlyVisible>false</OnlyVisible><plugininstanceid>ea118361-f4c4-4ebb-84df-efd69f7745f2</plugininstanceid><EnableDisableAccessibilityService>&lt;null&gt;</EnableDisableAccessibilityService><OnlyClickable>false</OnlyClickable><OnlyVisible-type>java.lang.Boolean</OnlyVisible-type><Regex-type>java.lang.Boolean</Regex-type><Password-type>java.lang.String</Password-type><UIUpdateFields-type>java.lang.String</UIUpdateFields-type><Password>&lt;null&gt;</Password><UIUpdateText>&lt;null&gt;</UIUpdateText><com.twofortyfouram.locale.intent.extra.BLURB>App Package: com.google.android.apps.photos</com.twofortyfouram.locale.intent.extra.BLURB><OnlyClickable-type>java.lang.Boolean</OnlyClickable-type><net.dinglisch.android.tasker.extras.VARIABLE_REPLACE_KEYS-type>java.lang.String</net.dinglisch.android.tasker.extras.VARIABLE_REPLACE_KEYS-type><IsFirstAction>false</IsFirstAction></Vals></Bundle><Str sr="arg1"ve="3">com.joaomgcd.autoinput</Str><Str sr="arg2"ve="3">com.joaomgcd.autoinput.activity.ActivityConfigUIQuery</Str><Int sr="arg3"val="20"/><Int sr="arg4"val="0"/><code>1040876951</code><label>wait</label></Action><Action sr="act27"ve="7"><se>false</se><Int sr="arg0"val="0"/><Int sr="arg1"val="1"/><Int sr="arg2"val="0"/><Int sr="arg3"val="0"/><Int sr="arg4"val="0"/><code>30</code></Action><Action sr="act28"ve="7"><ConditionList sr="if"><Condition sr="c0"ve="3"><op>2</op><lhs>%aiid()</lhs><rhs>*done_button*</rhs></Condition></ConditionList><code>37</code></Action><Action sr="act29"ve="7"><se>false</se><Bundle sr="arg0"><Vals sr="val"><NearbyText>&lt;null&gt;</NearbyText><net.dinglisch.android.tasker.extras.VARIABLE_REPLACE_KEYS>ActionId FieldSelectionType ActionType plugininstanceid plugintypeid </net.dinglisch.android.tasker.extras.VARIABLE_REPLACE_KEYS><plugintypeid>com.joaomgcd.autoinput.intent.IntentPerformAction</plugintypeid><ActionId>com.google.android.apps.photos:id/done_button</ActionId><plugintypeid-type>java.lang.String</plugintypeid-type><EnableDisableAccessibilityService-type>java.lang.String</EnableDisableAccessibilityService-type><com.twofortyfouram.locale.intent.extra.BLURB-type>java.lang.String</com.twofortyfouram.locale.intent.extra.BLURB-type><net.dinglisch.android.tasker.subbundled-type>java.lang.Boolean</net.dinglisch.android.tasker.subbundled-type><RepeatTimes>&lt;null&gt;</RepeatTimes><StoredAction-type>java.lang.String</StoredAction-type><IsFirstAction-type>java.lang.Boolean</IsFirstAction-type><TextToWrite-type>java.lang.String</TextToWrite-type><RepeatTimes-type>java.lang.String</RepeatTimes-type><net.dinglisch.android.tasker.subbundled>true</net.dinglisch.android.tasker.subbundled><ActionId-type>java.lang.String</ActionId-type><net.dinglisch.android.tasker.RELEVANT_VARIABLES-type>[Ljava.lang.String;</net.dinglisch.android.tasker.RELEVANT_VARIABLES-type><ActionType>16</ActionType><TextToWrite>&lt;null&gt;</TextToWrite><IsTaskerAction-type>java.lang.Boolean</IsTaskerAction-type><plugininstanceid-type>java.lang.String</plugininstanceid-type><RepeatInterval-type>java.lang.String</RepeatInterval-type><NearbyText-type>java.lang.String</NearbyText-type><net.dinglisch.android.tasker.RELEVANT_VARIABLES>&lt;StringArray sr=""&gt;&lt;_array_net.dinglisch.android.tasker.RELEVANT_VARIABLES0&gt;%err
Error Code
Only available if you select &amp;lt;b&amp;gt;Continue Task After Error&amp;lt;/b&amp;gt; and the action ends in error&lt;/_array_net.dinglisch.android.tasker.RELEVANT_VARIABLES0&gt;&lt;_array_net.dinglisch.android.tasker.RELEVANT_VARIABLES1&gt;%errmsg
Error Message
Only available if you select &amp;lt;b&amp;gt;Continue Task After Error&amp;lt;/b&amp;gt; and the action ends in error&lt;/_array_net.dinglisch.android.tasker.RELEVANT_VARIABLES1&gt;&lt;/StringArray&gt;</net.dinglisch.android.tasker.RELEVANT_VARIABLES><StoredAction>&lt;null&gt;</StoredAction><plugininstanceid>93cf0652-6779-4da5-8f2c-ef0c2863807d</plugininstanceid><EnableDisableAccessibilityService>&lt;null&gt;</EnableDisableAccessibilityService><IsTaskerAction>false</IsTaskerAction><Password-type>java.lang.String</Password-type><Password>&lt;null&gt;</Password><FieldSelectionType-type>java.lang.String</FieldSelectionType-type><FieldSelectionType>1</FieldSelectionType><com.twofortyfouram.locale.intent.extra.BLURB>Type: Id
Value: com.google.android.apps.photos:id/done_button
Action : Click</com.twofortyfouram.locale.intent.extra.BLURB><RepeatInterval>&lt;null&gt;</RepeatInterval><net.dinglisch.android.tasker.extras.VARIABLE_REPLACE_KEYS-type>java.lang.String</net.dinglisch.android.tasker.extras.VARIABLE_REPLACE_KEYS-type><IsFirstAction>false</IsFirstAction><ActionType-type>java.lang.String</ActionType-type></Vals></Bundle><Str sr="arg1"ve="3">com.joaomgcd.autoinput</Str><Str sr="arg2"ve="3">com.joaomgcd.autoinput.activity.ActivityConfigPerformAction</Str><Int sr="arg3"val="20"/><Int sr="arg4"val="0"/><code>1732635924</code><label>완료</label></Action><Action sr="act30"ve="7"><code>43</code></Action><Action sr="act31"ve="7"><se>false</se><Int sr="arg0"val="1"/><Int sr="arg1"val="11"/><Str sr="arg2"ve="3">wait</Str><code>135</code></Action><Action sr="act32"ve="7"><code>38</code></Action><Action sr="act33"ve="7"><code>43</code></Action><Action sr="act34"ve="7"><on>false</on><Str sr="arg0"ve="3">%aiid()
%aitext()</Str><Int sr="arg1"val="0"/><Int sr="arg2"val="0"/><Str sr="arg3"ve="3"/><Str sr="arg4"ve="3"/><Str sr="arg5"ve="3"/><Str sr="arg6"ve="3"/><Str sr="arg7"ve="3"/><Str sr="arg8"ve="3"/><Int sr="arg9"val="1"/><code>548</code><Str sr="arg10"ve="3"/><Int sr="arg11"val="1"/><Int sr="arg12"val="0"/><Str sr="arg13"ve="3"/><Int sr="arg14"val="0"/><Str sr="arg15"ve="3"/></Action><Action sr="act35"ve="7"><on>false</on><Str sr="arg0"ve="3">/sdcard/test.txt</Str><Str sr="arg1"ve="3">%aiid()
%aitext()</Str><Int sr="arg2"val="1"/><Int sr="arg3"val="1"/><code>410</code></Action><Action sr="act36"ve="7"><on>false</on><Int sr="arg0"val="0"/><Str sr="arg1"ve="3"/><code>137</code></Action><Action sr="act37"ve="7"><se>false</se><Bundle sr="arg0"><Vals sr="val"><net.dinglisch.android.tasker.extras.VARIABLE_REPLACE_KEYS>GlobalAction plugininstanceid plugintypeid </net.dinglisch.android.tasker.extras.VARIABLE_REPLACE_KEYS><plugintypeid>com.joaomgcd.autoinput.intent.IntentPerformGlobalAction</plugintypeid><plugintypeid-type>java.lang.String</plugintypeid-type><EnableDisableAccessibilityService-type>java.lang.String</EnableDisableAccessibilityService-type><com.twofortyfouram.locale.intent.extra.BLURB-type>java.lang.String</com.twofortyfouram.locale.intent.extra.BLURB-type><net.dinglisch.android.tasker.subbundled-type>java.lang.Boolean</net.dinglisch.android.tasker.subbundled-type><GlobalAction>1</GlobalAction><net.dinglisch.android.tasker.subbundled>true</net.dinglisch.android.tasker.subbundled><net.dinglisch.android.tasker.RELEVANT_VARIABLES-type>[Ljava.lang.String;</net.dinglisch.android.tasker.RELEVANT_VARIABLES-type><plugininstanceid-type>java.lang.String</plugininstanceid-type><net.dinglisch.android.tasker.RELEVANT_VARIABLES>&lt;StringArray sr=""&gt;&lt;_array_net.dinglisch.android.tasker.RELEVANT_VARIABLES0&gt;%err
Error Code
Only available if you select &amp;lt;b&amp;gt;Continue Task After Error&amp;lt;/b&amp;gt; and the action ends in error&lt;/_array_net.dinglisch.android.tasker.RELEVANT_VARIABLES0&gt;&lt;_array_net.dinglisch.android.tasker.RELEVANT_VARIABLES1&gt;%errmsg
Error Message
Only available if you select &amp;lt;b&amp;gt;Continue Task After Error&amp;lt;/b&amp;gt; and the action ends in error&lt;/_array_net.dinglisch.android.tasker.RELEVANT_VARIABLES1&gt;&lt;/StringArray&gt;</net.dinglisch.android.tasker.RELEVANT_VARIABLES><plugininstanceid>81f44b83-af18-45fd-9dd5-ea1fec1d086a</plugininstanceid><EnableDisableAccessibilityService>&lt;null&gt;</EnableDisableAccessibilityService><Password-type>java.lang.String</Password-type><Password>&lt;null&gt;</Password><GlobalAction-type>java.lang.String</GlobalAction-type><com.twofortyfouram.locale.intent.extra.BLURB>Action: Back</com.twofortyfouram.locale.intent.extra.BLURB><net.dinglisch.android.tasker.extras.VARIABLE_REPLACE_KEYS-type>java.lang.String</net.dinglisch.android.tasker.extras.VARIABLE_REPLACE_KEYS-type></Vals></Bundle><Str sr="arg1"ve="3">com.joaomgcd.autoinput</Str><Str sr="arg2"ve="3">com.joaomgcd.autoinput.activity.ActivityConfigPerformGlobalAction</Str><Int sr="arg3"val="20"/><Int sr="arg4"val="0"/><code>811079103</code></Action><Action sr="act38"ve="7"><code>38</code></Action><Action sr="act39"ve="7"><se>false</se><Int sr="arg0"val="0"/><Int sr="arg1"val="3"/><Int sr="arg2"val="0"/><Int sr="arg3"val="0"/><Int sr="arg4"val="0"/><code>30</code></Action><Action sr="act40"ve="7"><se>false</se><Int sr="arg0"val="1"/><Int sr="arg1"val="11"/><Str sr="arg2"ve="3">file</Str><code>135</code></Action><cdate>1706660441533</cdate><edate>1737693470522</edate></Task><Project sr="proj0"ve="2"><Img sr="icon"ve="2"><nme>mw_action_home</nme></Img><name>기본</name><tids>4,15</tids><cdate>1690294011639</cdate><mdate>1737731671857</mdate></Project><Task sr="task4"><id>4</id><nme>ScanMedia</nme><pri>100</pri><Action sr="act0"ve="7"><Str sr="arg0"ve="3">DCIM/Camera/</Str><code>459</code><label>file</label></Action><Action sr="act1"ve="7"><se>false</se><Int sr="arg0"val="0"/><Int sr="arg1"val="3"/><Int sr="arg2"val="0"/><Int sr="arg3"val="0"/><Int sr="arg4"val="0"/><code>30</code></Action><Action sr="act2"ve="7"><se>false</se><Int sr="arg0"val="1"/><Int sr="arg1"val="1"/><Str sr="arg2"ve="3">file</Str><code>135</code></Action><cdate>1737226679666</cdate><edate>1737695302529</edate></Task></TaskerData>