<?xml version='1.0' encoding='utf-8' standalone='yes' ?>
<map>
    <set name="pref_prediction_set" />
    <boolean name="launcher.apps_view_shown" value="true" />
    <boolean name="pref_allowRotation" value="false" />
    <boolean name="pref_add_icon_to_home_initialized" value="true" />
    <boolean name="pref_show_predictions" value="false" />
    <boolean name="pref_enable_minus_one" value="false" />
    <string name="migration_src_workspace_size">5,4</string>
    <boolean name="pref_add_icon_to_home" value="true" />
    <int name="migration_src_hotseat_count" value="5" />
    <string name="pref_icon_pack"></string>
    <boolean name="pref_smartspace" value="true" />
    <string name="pref_override_theme">2</string>
</map>
